img, px, py
0.jpg,126,153
1.jpg,230,127
2.jpg,163,103
3.jpg,150,188
4.jpg,56,232
5.jpg,200,170
6.jpg,131,27
7.jpg,125,64
8.jpg,36,60
9.jpg,176,211
10.jpg,23,47
11.jpg,203,74
12.jpg,55,137
13.jpg,158,157
14.jpg,14,64
15.jpg,104,230
16.jpg,166,223
17.jpg,40,165
18.jpg,156,94
19.jpg,82,113
20.jpg,172,10
21.jpg,101,99
22.jpg,240,190
23.jpg,162,11
24.jpg,210,166
25.jpg,157,44
26.jpg,222,43
27.jpg,43,129
28.jpg,133,68
29.jpg,177,245
30.jpg,100,184
31.jpg,101,35
32.jpg,224,20
33.jpg,163,161
34.jpg,71,165
35.jpg,76,125
36.jpg,78,45
37.jpg,87,241
38.jpg,112,207
39.jpg,132,112
40.jpg,230,157
41.jpg,146,137
42.jpg,31,167
43.jpg,10,113
44.jpg,231,17
45.jpg,86,165
46.jpg,165,24
47.jpg,147,59
48.jpg,205,245
49.jpg,240,15
50.jpg,23,20
51.jpg,213,159
52.jpg,38,49
53.jpg,234,180
54.jpg,139,217
55.jpg,238,180
56.jpg,119,84
57.jpg,138,225
58.jpg,207,80
59.jpg,56,16
60.jpg,220,24
61.jpg,101,173
62.jpg,126,70
63.jpg,154,20
64.jpg,41,28
65.jpg,138,107
66.jpg,218,202
67.jpg,16,106
68.jpg,208,33
69.jpg,59,222
70.jpg,229,70
71.jpg,107,40
72.jpg,94,235
73.jpg,196,96
74.jpg,159,63
75.jpg,136,113
76.jpg,147,216
77.jpg,112,159
78.jpg,88,63
79.jpg,120,35
80.jpg,181,168
81.jpg,61,206
82.jpg,71,71
83.jpg,229,193
84.jpg,109,43
85.jpg,240,161
86.jpg,23,233
87.jpg,244,123
88.jpg,226,19
89.jpg,134,19
90.jpg,190,233
91.jpg,14,241
92.jpg,56,124
93.jpg,236,65
94.jpg,126,182
95.jpg,194,55
96.jpg,84,131
97.jpg,111,27
98.jpg,53,54
99.jpg,220,238
100.jpg,219,16
101.jpg,36,186
102.jpg,89,209
103.jpg,155,137
104.jpg,133,191
105.jpg,85,185
106.jpg,240,129
107.jpg,227,203
108.jpg,61,65
109.jpg,230,75
110.jpg,14,237
111.jpg,197,236
112.jpg,82,139
113.jpg,39,76
114.jpg,181,222
115.jpg,197,103
116.jpg,226,43
117.jpg,29,93
118.jpg,118,184
119.jpg,20,240
120.jpg,88,230
121.jpg,93,132
122.jpg,49,115
123.jpg,203,241
124.jpg,116,196
125.jpg,153,66
126.jpg,164,117
127.jpg,241,227
128.jpg,235,82
129.jpg,16,238
130.jpg,241,90
131.jpg,234,27
132.jpg,75,241
133.jpg,164,178
134.jpg,201,158
135.jpg,74,179
136.jpg,129,65
137.jpg,197,199
138.jpg,34,132
139.jpg,108,110
140.jpg,173,229
141.jpg,27,55
142.jpg,160,127
143.jpg,58,104
144.jpg,103,33
145.jpg,21,37
146.jpg,174,16
147.jpg,197,207
148.jpg,79,85
149.jpg,199,216
150.jpg,177,220
151.jpg,232,34
152.jpg,10,93
153.jpg,83,19
154.jpg,140,159
155.jpg,167,22
156.jpg,212,141
157.jpg,224,183
158.jpg,54,35
159.jpg,62,64
160.jpg,118,35
161.jpg,53,75
162.jpg,25,91
163.jpg,149,28
164.jpg,62,31
165.jpg,227,16
166.jpg,183,86
167.jpg,141,41
168.jpg,216,71
169.jpg,183,45
170.jpg,120,90
171.jpg,193,27
172.jpg,197,144
173.jpg,239,140
174.jpg,136,18
175.jpg,51,187
176.jpg,133,125
177.jpg,40,73
178.jpg,125,167
179.jpg,175,145
180.jpg,236,13
181.jpg,225,214
182.jpg,36,158
183.jpg,227,229
184.jpg,34,36
185.jpg,71,225
186.jpg,114,64
187.jpg,142,87
188.jpg,25,66
189.jpg,60,123
190.jpg,50,158
191.jpg,70,230
192.jpg,105,52
193.jpg,230,182
194.jpg,143,172
195.jpg,159,153
196.jpg,92,102
197.jpg,13,116
198.jpg,185,70
199.jpg,192,219
200.jpg,31,133
201.jpg,186,80
202.jpg,113,34
203.jpg,83,191
204.jpg,68,26
205.jpg,95,196
206.jpg,38,191
207.jpg,87,49
208.jpg,200,176
209.jpg,73,173
210.jpg,135,21
211.jpg,200,149
212.jpg,210,180
213.jpg,100,137
214.jpg,61,67
215.jpg,69,52
216.jpg,18,109
217.jpg,111,23
218.jpg,220,218
219.jpg,143,15
220.jpg,176,111
221.jpg,89,135
222.jpg,10,150
223.jpg,61,176
224.jpg,15,100
225.jpg,88,114
226.jpg,127,179
227.jpg,54,24
228.jpg,149,65
229.jpg,65,56
230.jpg,108,123
231.jpg,40,44
232.jpg,192,179
233.jpg,206,136
234.jpg,212,119
235.jpg,84,38
236.jpg,58,73
237.jpg,233,18
238.jpg,90,94
239.jpg,221,141
240.jpg,87,153
241.jpg,225,194
242.jpg,65,74
243.jpg,41,15
244.jpg,172,168
245.jpg,151,64
246.jpg,36,102
247.jpg,40,54
248.jpg,146,101
249.jpg,162,201
250.jpg,152,155
251.jpg,104,32
252.jpg,198,15
253.jpg,101,132
254.jpg,58,217
255.jpg,52,12
256.jpg,171,111
257.jpg,187,143
258.jpg,86,93
259.jpg,133,151
260.jpg,80,121
261.jpg,223,232
262.jpg,40,206
263.jpg,243,211
264.jpg,186,143
265.jpg,131,91
266.jpg,52,174
267.jpg,139,168
268.jpg,171,170
269.jpg,197,55
270.jpg,101,109
271.jpg,180,231
272.jpg,61,207
273.jpg,215,44
274.jpg,17,162
275.jpg,174,194
276.jpg,148,223
277.jpg,57,229
278.jpg,29,208
279.jpg,38,73
280.jpg,131,43
281.jpg,93,127
282.jpg,77,219
283.jpg,95,83
284.jpg,152,139
285.jpg,10,219
286.jpg,232,158
287.jpg,202,170
288.jpg,12,220
289.jpg,160,80
290.jpg,76,165
291.jpg,125,220
292.jpg,144,10
293.jpg,143,117
294.jpg,155,27
295.jpg,51,22
296.jpg,207,178
297.jpg,88,19
298.jpg,56,242
299.jpg,86,37
300.jpg,80,216
301.jpg,175,242
302.jpg,142,27
303.jpg,219,194
304.jpg,63,124
305.jpg,222,171
306.jpg,225,191
307.jpg,190,234
308.jpg,162,190
309.jpg,151,177
310.jpg,64,194
311.jpg,138,212
312.jpg,15,183
313.jpg,12,103
314.jpg,45,54
315.jpg,71,208
316.jpg,190,152
317.jpg,127,34
318.jpg,123,84
319.jpg,89,184
320.jpg,104,128
321.jpg,127,240
322.jpg,79,97
323.jpg,114,67
324.jpg,56,15
325.jpg,16,219
326.jpg,221,17
327.jpg,142,35
328.jpg,49,163
329.jpg,234,163
330.jpg,169,148
331.jpg,43,171
332.jpg,62,105
333.jpg,66,96
334.jpg,47,78
335.jpg,206,172
336.jpg,37,27
337.jpg,118,93
338.jpg,191,78
339.jpg,174,71
340.jpg,38,156
341.jpg,75,100
342.jpg,192,203
343.jpg,185,187
344.jpg,145,48
345.jpg,79,147
346.jpg,218,209
347.jpg,118,92
348.jpg,185,28
349.jpg,64,75
350.jpg,206,136
351.jpg,227,44
352.jpg,52,58
353.jpg,103,28
354.jpg,45,16
355.jpg,114,146
356.jpg,54,57
357.jpg,71,154
358.jpg,110,180
359.jpg,182,73
360.jpg,202,229
361.jpg,176,204
362.jpg,209,131
363.jpg,10,149
364.jpg,192,94
365.jpg,174,160
366.jpg,66,109
367.jpg,96,205
368.jpg,25,24
369.jpg,229,170
370.jpg,165,19
371.jpg,188,192
372.jpg,230,52
373.jpg,243,51
374.jpg,128,201
375.jpg,10,62
376.jpg,239,46
377.jpg,70,175
378.jpg,238,43
379.jpg,58,140
380.jpg,51,187
381.jpg,140,158
382.jpg,244,166
383.jpg,213,73
384.jpg,106,125
385.jpg,63,92
386.jpg,137,204
387.jpg,239,236
388.jpg,112,223
389.jpg,103,28
390.jpg,214,155
391.jpg,187,185
392.jpg,77,16
393.jpg,228,234
394.jpg,79,62
395.jpg,151,85
396.jpg,34,215
397.jpg,184,57
398.jpg,136,115
399.jpg,242,195
400.jpg,71,129
401.jpg,161,121
402.jpg,244,35
403.jpg,85,130
404.jpg,229,151
405.jpg,237,202
406.jpg,27,60
407.jpg,238,191
408.jpg,175,161
409.jpg,69,207
410.jpg,72,42
411.jpg,226,231
412.jpg,231,184
413.jpg,109,78
414.jpg,215,77
415.jpg,83,180
416.jpg,150,184
417.jpg,42,107
418.jpg,237,217
419.jpg,81,198
420.jpg,34,122
421.jpg,57,96
422.jpg,166,160
423.jpg,99,218
424.jpg,51,132
425.jpg,18,16
426.jpg,132,110
427.jpg,214,30
428.jpg,118,17
429.jpg,53,26
430.jpg,60,13
431.jpg,53,47
432.jpg,133,103
433.jpg,51,80
434.jpg,114,75
435.jpg,57,13
436.jpg,68,191
437.jpg,201,19
438.jpg,175,212
439.jpg,58,192
440.jpg,165,137
441.jpg,29,54
442.jpg,15,243
443.jpg,134,60
444.jpg,179,84
445.jpg,150,106
446.jpg,228,82
447.jpg,126,119
448.jpg,124,46
449.jpg,127,124
450.jpg,80,202
451.jpg,32,152
452.jpg,125,68
453.jpg,143,104
454.jpg,159,165
455.jpg,206,198
456.jpg,222,52
457.jpg,135,217
458.jpg,35,36
459.jpg,179,179
460.jpg,19,37
461.jpg,131,226
462.jpg,190,27
463.jpg,141,168
464.jpg,57,16
465.jpg,49,59
466.jpg,223,229
467.jpg,239,223
468.jpg,192,106
469.jpg,174,180
470.jpg,97,186
471.jpg,149,47
472.jpg,194,32
473.jpg,100,89
474.jpg,195,62
475.jpg,185,211
476.jpg,68,87
477.jpg,131,64
478.jpg,200,112
479.jpg,169,108
480.jpg,122,139
481.jpg,92,78
482.jpg,151,37
483.jpg,183,233
484.jpg,34,148
485.jpg,153,83
486.jpg,107,77
487.jpg,116,244
488.jpg,183,175
489.jpg,150,204
490.jpg,20,21
491.jpg,165,185
492.jpg,145,145
493.jpg,18,52
494.jpg,111,116
495.jpg,86,137
496.jpg,97,216
497.jpg,237,197
498.jpg,155,11
499.jpg,125,243
500.jpg,146,97
501.jpg,174,74
502.jpg,44,108
503.jpg,132,207
504.jpg,54,154
505.jpg,16,123
506.jpg,123,132
507.jpg,156,116
508.jpg,230,59
509.jpg,218,58
510.jpg,106,225
511.jpg,77,197
512.jpg,111,22
513.jpg,226,31
514.jpg,199,157
515.jpg,240,75
516.jpg,80,112
517.jpg,147,161
518.jpg,113,122
519.jpg,145,144
520.jpg,173,228
521.jpg,19,147
522.jpg,202,181
523.jpg,199,86
524.jpg,40,25
525.jpg,238,28
526.jpg,175,32
527.jpg,205,211
528.jpg,49,69
529.jpg,225,230
530.jpg,122,108
531.jpg,144,170
532.jpg,147,19
533.jpg,187,49
534.jpg,237,52
535.jpg,211,243
536.jpg,112,152
537.jpg,155,213
538.jpg,200,86
539.jpg,141,213
540.jpg,77,78
541.jpg,31,114
542.jpg,26,228
543.jpg,175,115
544.jpg,45,139
545.jpg,75,53
546.jpg,244,140
547.jpg,37,186
548.jpg,79,30
549.jpg,238,214
550.jpg,45,167
551.jpg,211,223
552.jpg,75,39
553.jpg,16,62
554.jpg,139,242
555.jpg,95,161
556.jpg,219,36
557.jpg,94,40
558.jpg,92,99
559.jpg,183,234
560.jpg,48,124
561.jpg,13,184
562.jpg,69,124
563.jpg,120,181
564.jpg,159,18
565.jpg,237,133
566.jpg,170,167
567.jpg,150,233
568.jpg,201,199
569.jpg,151,206
570.jpg,39,61
571.jpg,52,35
572.jpg,188,50
573.jpg,236,240
574.jpg,15,228
575.jpg,189,219
576.jpg,92,41
577.jpg,239,78
578.jpg,221,163
579.jpg,29,86
580.jpg,232,85
581.jpg,67,167
582.jpg,198,184
583.jpg,95,24
584.jpg,94,134
585.jpg,58,235
586.jpg,70,190
587.jpg,145,172
588.jpg,111,198
589.jpg,191,45
590.jpg,35,103
591.jpg,189,189
592.jpg,59,235
593.jpg,90,47
594.jpg,22,52
595.jpg,230,151
596.jpg,33,218
597.jpg,56,129
598.jpg,168,150
599.jpg,199,226
600.jpg,59,210
601.jpg,81,115
602.jpg,21,30
603.jpg,17,103
604.jpg,156,104
605.jpg,86,46
606.jpg,237,109
607.jpg,81,239
608.jpg,174,92
609.jpg,42,220
610.jpg,118,226
611.jpg,67,166
612.jpg,178,25
613.jpg,144,123
614.jpg,125,93
615.jpg,224,161
616.jpg,34,221
617.jpg,33,163
618.jpg,165,243
619.jpg,133,43
620.jpg,16,192
621.jpg,95,97
622.jpg,117,102
623.jpg,128,40
624.jpg,70,125
625.jpg,97,41
626.jpg,37,138
627.jpg,79,174
628.jpg,141,160
629.jpg,204,46
630.jpg,206,157
631.jpg,202,38
632.jpg,64,41
633.jpg,227,28
634.jpg,74,49
635.jpg,236,24
636.jpg,235,237
637.jpg,141,74
638.jpg,162,137
639.jpg,95,209
640.jpg,234,166
641.jpg,69,183
642.jpg,135,173
643.jpg,67,119
644.jpg,184,220
645.jpg,45,222
646.jpg,31,64
647.jpg,25,46
648.jpg,110,82
649.jpg,79,238
650.jpg,101,139
651.jpg,63,131
652.jpg,195,208
653.jpg,175,64
654.jpg,47,99
655.jpg,102,78
656.jpg,232,13
657.jpg,204,84
658.jpg,177,63
659.jpg,212,59
660.jpg,178,85
661.jpg,210,243
662.jpg,127,154
663.jpg,232,59
664.jpg,48,187
665.jpg,223,179
666.jpg,221,71
667.jpg,122,245
668.jpg,187,42
669.jpg,182,14
670.jpg,233,72
671.jpg,125,129
672.jpg,159,215
673.jpg,72,25
674.jpg,202,146
675.jpg,111,98
676.jpg,208,29
677.jpg,24,163
678.jpg,57,47
679.jpg,232,141
680.jpg,76,198
681.jpg,76,176
682.jpg,159,244
683.jpg,213,89
684.jpg,203,111
685.jpg,165,119
686.jpg,63,219
687.jpg,102,27
688.jpg,215,49
689.jpg,195,149
690.jpg,146,138
691.jpg,40,138
692.jpg,91,217
693.jpg,20,15
694.jpg,233,36
695.jpg,54,98
696.jpg,184,51
697.jpg,20,126
698.jpg,115,171
699.jpg,115,196
700.jpg,188,203
701.jpg,224,24
702.jpg,61,222
703.jpg,14,95
704.jpg,177,233
705.jpg,44,30
706.jpg,218,111
707.jpg,153,60
708.jpg,30,204
709.jpg,130,166
710.jpg,222,174
711.jpg,51,195
712.jpg,35,106
713.jpg,36,137
714.jpg,32,198
715.jpg,196,102
716.jpg,19,245
717.jpg,188,244
718.jpg,200,21
719.jpg,64,112
720.jpg,155,49
721.jpg,22,11
722.jpg,117,196
723.jpg,10,153
724.jpg,96,208
725.jpg,97,54
726.jpg,47,62
727.jpg,206,238
728.jpg,128,18
729.jpg,129,197
730.jpg,84,12
731.jpg,112,161
732.jpg,159,36
733.jpg,216,77
734.jpg,27,127
735.jpg,231,130
736.jpg,166,158
737.jpg,87,189
738.jpg,158,224
739.jpg,73,99
740.jpg,63,234
741.jpg,177,185
742.jpg,127,19
743.jpg,47,92
744.jpg,241,105
745.jpg,245,149
746.jpg,101,224
747.jpg,66,240
748.jpg,64,162
749.jpg,121,48
750.jpg,220,25
751.jpg,49,100
752.jpg,216,87
753.jpg,204,238
754.jpg,199,168
755.jpg,14,77
756.jpg,99,186
757.jpg,92,235
758.jpg,86,159
759.jpg,118,107
760.jpg,52,215
761.jpg,74,132
762.jpg,74,35
763.jpg,179,168
764.jpg,193,23
765.jpg,58,100
766.jpg,203,74
767.jpg,180,172
768.jpg,225,191
769.jpg,239,239
770.jpg,48,228
771.jpg,153,76
772.jpg,19,181
773.jpg,66,116
774.jpg,84,100
775.jpg,222,98
776.jpg,23,115
777.jpg,107,220
778.jpg,92,67
779.jpg,102,92
780.jpg,178,132
781.jpg,220,155
782.jpg,200,145
783.jpg,79,234
784.jpg,91,179
785.jpg,185,228
786.jpg,11,245
787.jpg,220,209
788.jpg,138,218
789.jpg,84,72
790.jpg,135,163
791.jpg,65,50
792.jpg,159,55
793.jpg,245,165
794.jpg,143,117
795.jpg,50,118
796.jpg,144,226
797.jpg,181,208
798.jpg,191,225
799.jpg,231,110
800.jpg,167,102
801.jpg,148,20
802.jpg,193,18
803.jpg,166,37
804.jpg,106,130
805.jpg,207,187
806.jpg,244,213
807.jpg,158,234
808.jpg,223,21
809.jpg,41,174
810.jpg,96,135
811.jpg,101,37
812.jpg,195,22
813.jpg,44,101
814.jpg,30,19
815.jpg,131,47
816.jpg,198,169
817.jpg,191,114
818.jpg,237,83
819.jpg,43,218
820.jpg,203,59
821.jpg,111,122
822.jpg,190,216
823.jpg,37,207
824.jpg,48,192
825.jpg,70,22
826.jpg,199,238
827.jpg,185,189
828.jpg,169,205
829.jpg,189,45
830.jpg,157,22
831.jpg,207,19
832.jpg,233,224
833.jpg,129,235
834.jpg,141,147
835.jpg,37,17
836.jpg,226,55
837.jpg,104,241
838.jpg,33,99
839.jpg,117,95
840.jpg,153,156
841.jpg,138,167
842.jpg,104,20
843.jpg,148,47
844.jpg,205,162
845.jpg,62,20
846.jpg,19,166
847.jpg,26,32
848.jpg,69,160
849.jpg,33,170
850.jpg,83,186
851.jpg,125,165
852.jpg,25,168
853.jpg,144,47
854.jpg,232,126
855.jpg,16,43
856.jpg,177,229
857.jpg,52,88
858.jpg,108,207
859.jpg,163,245
860.jpg,98,96
861.jpg,131,78
862.jpg,86,133
863.jpg,60,157
864.jpg,15,97
865.jpg,145,86
866.jpg,134,63
867.jpg,157,181
868.jpg,165,211
869.jpg,242,155
870.jpg,167,201
871.jpg,23,241
872.jpg,186,221
873.jpg,164,17
874.jpg,43,72
875.jpg,232,24
876.jpg,132,155
877.jpg,71,118
878.jpg,47,220
879.jpg,115,242
880.jpg,25,144
881.jpg,64,60
882.jpg,222,238
883.jpg,63,242
884.jpg,191,206
885.jpg,91,105
886.jpg,244,167
887.jpg,98,109
888.jpg,128,27
889.jpg,155,127
890.jpg,231,118
891.jpg,193,98
892.jpg,134,146
893.jpg,217,170
894.jpg,165,141
895.jpg,87,13
896.jpg,171,157
897.jpg,19,97
898.jpg,77,135
899.jpg,147,58
900.jpg,205,80
901.jpg,131,121
902.jpg,205,195
903.jpg,171,178
904.jpg,120,211
905.jpg,167,22
906.jpg,148,105
907.jpg,179,132
908.jpg,185,127
909.jpg,147,168
910.jpg,120,55
911.jpg,208,43
912.jpg,115,213
913.jpg,224,108
914.jpg,185,23
915.jpg,220,33
916.jpg,152,147
917.jpg,175,119
918.jpg,13,223
919.jpg,47,59
920.jpg,154,17
921.jpg,184,155
922.jpg,168,156
923.jpg,242,46
924.jpg,171,121
925.jpg,148,213
926.jpg,224,125
927.jpg,237,38
928.jpg,188,201
929.jpg,173,123
930.jpg,218,69
931.jpg,68,244
932.jpg,65,226
933.jpg,119,52
934.jpg,200,132
935.jpg,121,134
936.jpg,186,79
937.jpg,156,117
938.jpg,54,64
939.jpg,149,194
940.jpg,50,22
941.jpg,113,205
942.jpg,202,40
943.jpg,163,74
944.jpg,65,133
945.jpg,164,44
946.jpg,137,226
947.jpg,40,147
948.jpg,227,88
949.jpg,112,62
950.jpg,234,141
951.jpg,117,73
952.jpg,25,227
953.jpg,221,128
954.jpg,173,13
955.jpg,137,56
956.jpg,168,211
957.jpg,160,114
958.jpg,97,145
959.jpg,189,147
960.jpg,162,146
961.jpg,245,223
962.jpg,72,245
963.jpg,150,72
964.jpg,134,166
965.jpg,103,217
966.jpg,163,121
967.jpg,87,137
968.jpg,35,198
969.jpg,157,85
970.jpg,147,211
971.jpg,27,103
972.jpg,132,33
973.jpg,125,243
974.jpg,124,176
975.jpg,133,155
976.jpg,234,146
977.jpg,159,198
978.jpg,87,95
979.jpg,46,70
980.jpg,158,92
981.jpg,213,47
982.jpg,195,74
983.jpg,225,28
984.jpg,146,148
985.jpg,33,48
986.jpg,92,79
987.jpg,214,139
988.jpg,131,120
989.jpg,120,79
990.jpg,172,120
991.jpg,179,177
992.jpg,99,158
993.jpg,116,179
994.jpg,164,139
995.jpg,72,177
996.jpg,29,239
997.jpg,194,133
998.jpg,105,29
999.jpg,11,68
1000.jpg,225,144
1001.jpg,177,50
1002.jpg,100,45
1003.jpg,98,115
1004.jpg,147,149
1005.jpg,189,47
1006.jpg,79,245
1007.jpg,163,198
1008.jpg,184,159
1009.jpg,163,161
1010.jpg,12,77
1011.jpg,243,234
1012.jpg,148,76
1013.jpg,176,187
1014.jpg,147,231
1015.jpg,91,119
1016.jpg,172,36
1017.jpg,85,64
1018.jpg,139,200
1019.jpg,90,94
1020.jpg,114,191
1021.jpg,109,97
1022.jpg,174,106
1023.jpg,50,244
1024.jpg,73,123
1025.jpg,225,31
1026.jpg,191,196
1027.jpg,90,221
1028.jpg,224,85
1029.jpg,82,150
1030.jpg,98,151
1031.jpg,13,13
1032.jpg,210,67
1033.jpg,245,69
1034.jpg,12,75
1035.jpg,241,164
1036.jpg,90,228
1037.jpg,19,163
1038.jpg,83,231
1039.jpg,194,175
1040.jpg,15,192
1041.jpg,187,43
1042.jpg,96,92
1043.jpg,210,136
1044.jpg,110,116
1045.jpg,244,116
1046.jpg,219,20
1047.jpg,125,14
1048.jpg,236,94
1049.jpg,32,131
1050.jpg,62,244
1051.jpg,12,101
1052.jpg,143,191
1053.jpg,135,229
1054.jpg,116,57
1055.jpg,170,96
1056.jpg,72,30
1057.jpg,53,193
1058.jpg,171,181
1059.jpg,232,162
1060.jpg,231,15
1061.jpg,174,206
1062.jpg,212,135
1063.jpg,220,141
1064.jpg,223,16
1065.jpg,196,209
1066.jpg,195,62
1067.jpg,44,76
1068.jpg,82,221
1069.jpg,146,193
1070.jpg,181,58
1071.jpg,226,186
1072.jpg,128,51
1073.jpg,191,238
1074.jpg,232,153
1075.jpg,124,219
1076.jpg,20,57
1077.jpg,47,22
1078.jpg,67,33
1079.jpg,60,183
1080.jpg,107,108
1081.jpg,68,137
1082.jpg,150,228
1083.jpg,87,129
1084.jpg,24,16
1085.jpg,42,75
1086.jpg,180,76
1087.jpg,155,125
1088.jpg,118,158
1089.jpg,43,77
1090.jpg,102,203
1091.jpg,182,166
1092.jpg,201,237
1093.jpg,53,216
1094.jpg,11,202
1095.jpg,41,216
1096.jpg,111,188
1097.jpg,209,147
1098.jpg,85,236
1099.jpg,40,146
1100.jpg,94,157
1101.jpg,46,237
1102.jpg,233,129
1103.jpg,136,172
1104.jpg,136,100
1105.jpg,38,220
1106.jpg,41,105
1107.jpg,204,90
1108.jpg,130,178
1109.jpg,212,177
1110.jpg,184,162
1111.jpg,10,108
1112.jpg,188,218
1113.jpg,96,131
1114.jpg,89,49
1115.jpg,77,239
1116.jpg,152,11
1117.jpg,220,202
1118.jpg,83,160
1119.jpg,143,112
1120.jpg,238,216
1121.jpg,121,72
1122.jpg,110,77
1123.jpg,101,13
1124.jpg,105,79
1125.jpg,236,36
1126.jpg,180,20
1127.jpg,77,80
1128.jpg,87,199
1129.jpg,170,83
1130.jpg,40,16
1131.jpg,105,110
1132.jpg,174,17
1133.jpg,145,239
1134.jpg,115,192
1135.jpg,245,185
1136.jpg,130,134
1137.jpg,124,148
1138.jpg,63,64
1139.jpg,122,93
1140.jpg,233,178
1141.jpg,82,25
1142.jpg,104,47
1143.jpg,194,61
1144.jpg,175,56
1145.jpg,112,131
1146.jpg,132,111
1147.jpg,10,195
1148.jpg,22,177
1149.jpg,237,170
1150.jpg,56,159
1151.jpg,166,27
1152.jpg,233,181
1153.jpg,163,172
1154.jpg,109,100
1155.jpg,220,91
1156.jpg,234,160
1157.jpg,202,212
1158.jpg,203,85
1159.jpg,66,232
1160.jpg,213,237
1161.jpg,118,42
1162.jpg,112,80
1163.jpg,216,32
1164.jpg,169,182
1165.jpg,68,63
1166.jpg,74,73
1167.jpg,163,172
1168.jpg,189,56
1169.jpg,22,81
1170.jpg,13,75
1171.jpg,146,119
1172.jpg,221,137
1173.jpg,210,165
1174.jpg,95,173
1175.jpg,225,90
1176.jpg,212,97
1177.jpg,235,184
1178.jpg,30,60
1179.jpg,51,112
1180.jpg,40,159
1181.jpg,93,225
1182.jpg,187,87
1183.jpg,189,34
1184.jpg,82,83
1185.jpg,21,94
1186.jpg,220,147
1187.jpg,35,240
1188.jpg,220,211
1189.jpg,56,50
1190.jpg,127,178
1191.jpg,34,209
1192.jpg,86,230
1193.jpg,62,55
1194.jpg,154,133
1195.jpg,159,100
1196.jpg,22,134
1197.jpg,37,145
1198.jpg,43,12
1199.jpg,174,35
1200.jpg,204,118
1201.jpg,114,183
1202.jpg,69,203
1203.jpg,118,182
1204.jpg,98,52
1205.jpg,212,46
1206.jpg,80,48
1207.jpg,177,11
1208.jpg,158,191
1209.jpg,67,210
1210.jpg,190,136
1211.jpg,110,213
1212.jpg,23,185
1213.jpg,154,29
1214.jpg,36,226
1215.jpg,76,32
1216.jpg,112,109
1217.jpg,150,232
1218.jpg,85,31
1219.jpg,234,77
1220.jpg,241,222
1221.jpg,142,228
1222.jpg,198,151
1223.jpg,144,222
1224.jpg,221,26
1225.jpg,173,97
1226.jpg,82,74
1227.jpg,183,59
1228.jpg,158,90
1229.jpg,144,121
1230.jpg,191,67
1231.jpg,166,231
1232.jpg,47,171
1233.jpg,204,154
1234.jpg,94,177
1235.jpg,191,216
1236.jpg,16,141
1237.jpg,227,234
1238.jpg,156,103
1239.jpg,92,104
1240.jpg,74,218
1241.jpg,208,53
1242.jpg,121,237
1243.jpg,198,134
1244.jpg,224,182
1245.jpg,119,171
1246.jpg,202,186
1247.jpg,147,95
1248.jpg,33,11
1249.jpg,59,186
1250.jpg,225,168
1251.jpg,191,210
1252.jpg,19,112
1253.jpg,17,113
1254.jpg,134,205
1255.jpg,75,26
1256.jpg,230,220
1257.jpg,65,119
1258.jpg,220,109
1259.jpg,98,139
1260.jpg,190,33
1261.jpg,103,178
1262.jpg,135,60
1263.jpg,85,182
1264.jpg,10,156
1265.jpg,138,68
1266.jpg,181,159
1267.jpg,213,178
1268.jpg,156,243
1269.jpg,142,222
1270.jpg,176,199
1271.jpg,51,84
1272.jpg,231,99
1273.jpg,124,242
1274.jpg,34,63
1275.jpg,129,232
1276.jpg,243,44
1277.jpg,13,76
1278.jpg,29,94
1279.jpg,20,61
1280.jpg,19,228
1281.jpg,212,82
1282.jpg,244,193
1283.jpg,238,203
1284.jpg,144,132
1285.jpg,150,30
1286.jpg,40,116
1287.jpg,241,71
1288.jpg,212,211
1289.jpg,80,181
1290.jpg,86,135
1291.jpg,94,33
1292.jpg,91,48
1293.jpg,156,79
1294.jpg,160,118
1295.jpg,242,115
1296.jpg,174,51
1297.jpg,148,55
1298.jpg,94,30
1299.jpg,164,127
1300.jpg,22,121
1301.jpg,82,103
1302.jpg,62,73
1303.jpg,172,142
1304.jpg,51,159
1305.jpg,209,38
1306.jpg,160,105
1307.jpg,138,181
1308.jpg,187,147
1309.jpg,145,221
1310.jpg,30,191
1311.jpg,30,182
1312.jpg,54,11
1313.jpg,206,53
1314.jpg,48,39
1315.jpg,54,37
1316.jpg,107,49
1317.jpg,239,172
1318.jpg,61,192
1319.jpg,53,74
1320.jpg,79,19
1321.jpg,21,125
1322.jpg,182,95
1323.jpg,230,220
1324.jpg,197,25
1325.jpg,10,81
1326.jpg,17,29
1327.jpg,125,98
1328.jpg,25,244
1329.jpg,224,125
1330.jpg,48,134
1331.jpg,217,72
1332.jpg,67,56
1333.jpg,107,141
1334.jpg,85,65
1335.jpg,44,170
1336.jpg,225,226
1337.jpg,120,216
1338.jpg,56,53
1339.jpg,245,92
1340.jpg,12,111
1341.jpg,84,121
1342.jpg,92,108
1343.jpg,232,67
1344.jpg,202,118
1345.jpg,12,64
1346.jpg,180,206
1347.jpg,161,240
1348.jpg,237,226
1349.jpg,243,117
1350.jpg,118,94
1351.jpg,13,165
1352.jpg,151,38
1353.jpg,52,111
1354.jpg,44,167
1355.jpg,180,233
1356.jpg,163,16
1357.jpg,52,69
1358.jpg,57,152
1359.jpg,51,84
1360.jpg,149,75
1361.jpg,115,147
1362.jpg,105,51
1363.jpg,72,216
1364.jpg,18,147
1365.jpg,163,186
1366.jpg,208,77
1367.jpg,242,213
1368.jpg,26,28
1369.jpg,195,13
1370.jpg,195,41
1371.jpg,205,113
1372.jpg,40,241
1373.jpg,181,24
1374.jpg,188,198
1375.jpg,182,229
1376.jpg,111,144
1377.jpg,117,74
1378.jpg,222,173
1379.jpg,108,104
1380.jpg,99,47
1381.jpg,81,105
1382.jpg,32,46
1383.jpg,17,69
1384.jpg,87,42
1385.jpg,102,57
1386.jpg,142,160
1387.jpg,185,21
1388.jpg,20,38
1389.jpg,202,102
1390.jpg,184,34
1391.jpg,133,111
1392.jpg,173,203
1393.jpg,72,34
1394.jpg,45,225
1395.jpg,184,126
1396.jpg,199,91
1397.jpg,55,89
1398.jpg,154,139
1399.jpg,112,192
1400.jpg,217,52
1401.jpg,150,18
1402.jpg,183,172
1403.jpg,103,128
1404.jpg,62,200
1405.jpg,209,191
1406.jpg,119,240
1407.jpg,203,55
1408.jpg,134,33
1409.jpg,84,65
1410.jpg,79,225
1411.jpg,230,44
1412.jpg,203,26
1413.jpg,227,220
1414.jpg,109,238
1415.jpg,225,120
1416.jpg,212,164
1417.jpg,159,200
1418.jpg,40,42
1419.jpg,97,31
1420.jpg,205,239
1421.jpg,70,85
1422.jpg,237,174
1423.jpg,183,110
1424.jpg,95,117
1425.jpg,171,164
1426.jpg,159,58
1427.jpg,196,178
1428.jpg,149,32
1429.jpg,48,200
1430.jpg,199,66
1431.jpg,182,185
1432.jpg,175,112
1433.jpg,97,49
1434.jpg,73,66
1435.jpg,92,155
1436.jpg,185,24
1437.jpg,68,196
1438.jpg,213,87
1439.jpg,112,22
1440.jpg,52,123
1441.jpg,181,89
1442.jpg,45,88
1443.jpg,119,23
1444.jpg,176,116
1445.jpg,147,231
1446.jpg,117,84
1447.jpg,170,155
1448.jpg,127,134
1449.jpg,33,173
1450.jpg,180,176
1451.jpg,131,116
1452.jpg,173,174
1453.jpg,186,127
1454.jpg,207,68
1455.jpg,23,177
1456.jpg,211,136
1457.jpg,110,221
1458.jpg,115,55
1459.jpg,34,87
1460.jpg,207,53
1461.jpg,118,172
1462.jpg,75,84
1463.jpg,36,49
1464.jpg,171,91
1465.jpg,138,75
1466.jpg,176,199
1467.jpg,168,20
1468.jpg,237,69
1469.jpg,153,33
1470.jpg,163,37
1471.jpg,150,102
1472.jpg,32,210
1473.jpg,190,196
1474.jpg,194,48
1475.jpg,166,23
1476.jpg,105,243
1477.jpg,177,215
1478.jpg,119,245
1479.jpg,35,115
1480.jpg,91,20
1481.jpg,114,40
1482.jpg,101,86
1483.jpg,158,84
1484.jpg,231,182
1485.jpg,68,201
1486.jpg,175,81
1487.jpg,93,243
1488.jpg,14,42
1489.jpg,168,145
1490.jpg,112,212
1491.jpg,73,24
1492.jpg,153,196
1493.jpg,132,28
1494.jpg,231,245
1495.jpg,193,55
1496.jpg,136,143
1497.jpg,226,158
1498.jpg,80,198
1499.jpg,230,242
1500.jpg,59,177
1501.jpg,202,64
1502.jpg,154,238
1503.jpg,203,164
1504.jpg,26,74
1505.jpg,33,92
1506.jpg,66,154
1507.jpg,136,230
1508.jpg,233,202
1509.jpg,16,227
1510.jpg,64,98
1511.jpg,18,163
1512.jpg,164,37
1513.jpg,85,208
1514.jpg,219,225
1515.jpg,22,51
1516.jpg,140,203
1517.jpg,163,33
1518.jpg,129,110
1519.jpg,63,107
1520.jpg,107,219
1521.jpg,183,195
1522.jpg,157,18
1523.jpg,113,12
1524.jpg,69,224
1525.jpg,56,30
1526.jpg,39,214
1527.jpg,240,102
1528.jpg,152,225
1529.jpg,115,141
1530.jpg,35,100
1531.jpg,91,219
1532.jpg,48,96
1533.jpg,69,147
1534.jpg,52,226
1535.jpg,100,51
1536.jpg,244,238
1537.jpg,229,199
1538.jpg,196,81
1539.jpg,156,162
1540.jpg,212,87
1541.jpg,211,180
1542.jpg,153,67
1543.jpg,239,36
1544.jpg,99,44
1545.jpg,111,168
1546.jpg,207,222
1547.jpg,160,22
1548.jpg,186,84
1549.jpg,216,245
1550.jpg,199,85
1551.jpg,17,136
1552.jpg,117,97
1553.jpg,44,128
1554.jpg,42,160
1555.jpg,192,42
1556.jpg,131,38
1557.jpg,182,151
1558.jpg,58,143
1559.jpg,61,137
1560.jpg,160,187
1561.jpg,153,232
1562.jpg,104,221
1563.jpg,15,75
1564.jpg,191,69
1565.jpg,53,237
1566.jpg,49,118
1567.jpg,215,231
1568.jpg,44,190
1569.jpg,224,70
1570.jpg,80,98
1571.jpg,178,216
1572.jpg,35,125
1573.jpg,142,190
1574.jpg,140,220
1575.jpg,98,242
1576.jpg,179,68
1577.jpg,13,91
1578.jpg,26,47
1579.jpg,233,243
1580.jpg,45,228
1581.jpg,146,172
1582.jpg,109,194
1583.jpg,40,78
1584.jpg,73,39
1585.jpg,72,207
1586.jpg,150,32
1587.jpg,133,23
1588.jpg,20,130
1589.jpg,179,125
1590.jpg,223,76
1591.jpg,49,215
1592.jpg,123,122
1593.jpg,117,45
1594.jpg,155,113
1595.jpg,96,30
1596.jpg,172,106
1597.jpg,50,236
1598.jpg,95,141
1599.jpg,194,109
1600.jpg,54,59
1601.jpg,118,124
1602.jpg,29,198
1603.jpg,126,57
1604.jpg,221,171
1605.jpg,25,26
1606.jpg,138,79
1607.jpg,216,16
1608.jpg,50,84
1609.jpg,201,195
1610.jpg,224,205
1611.jpg,46,21
1612.jpg,172,244
1613.jpg,81,90
1614.jpg,99,90
1615.jpg,69,230
1616.jpg,78,119
1617.jpg,20,30
1618.jpg,141,203
1619.jpg,169,94
1620.jpg,78,126
1621.jpg,131,240
1622.jpg,31,216
1623.jpg,76,189
1624.jpg,52,226
1625.jpg,180,103
1626.jpg,150,156
1627.jpg,131,20
1628.jpg,31,79
1629.jpg,26,158
1630.jpg,13,42
1631.jpg,93,48
1632.jpg,178,226
1633.jpg,26,50
1634.jpg,96,213
1635.jpg,60,53
1636.jpg,122,182
1637.jpg,160,161
1638.jpg,171,66
1639.jpg,33,25
1640.jpg,195,65
1641.jpg,10,142
1642.jpg,177,78
1643.jpg,18,159
1644.jpg,18,87
1645.jpg,49,217
1646.jpg,37,155
1647.jpg,68,12
1648.jpg,25,231
1649.jpg,106,167
1650.jpg,148,49
1651.jpg,137,89
1652.jpg,169,44
1653.jpg,159,222
1654.jpg,178,119
1655.jpg,48,36
1656.jpg,244,172
1657.jpg,178,148
1658.jpg,57,25
1659.jpg,156,69
1660.jpg,40,121
1661.jpg,57,34
1662.jpg,199,204
1663.jpg,157,133
1664.jpg,78,173
1665.jpg,55,42
1666.jpg,225,161
1667.jpg,166,49
1668.jpg,98,46
1669.jpg,114,221
1670.jpg,94,117
1671.jpg,70,38
1672.jpg,19,138
1673.jpg,167,210
1674.jpg,130,76
1675.jpg,24,103
1676.jpg,173,213
1677.jpg,211,182
1678.jpg,214,243
1679.jpg,158,172
1680.jpg,71,108
1681.jpg,122,91
1682.jpg,176,193
1683.jpg,54,63
1684.jpg,206,52
1685.jpg,122,70
1686.jpg,208,167
1687.jpg,66,194
1688.jpg,13,65
1689.jpg,136,163
1690.jpg,202,202
1691.jpg,227,80
1692.jpg,127,27
1693.jpg,23,187
1694.jpg,93,183
1695.jpg,11,11
1696.jpg,237,132
1697.jpg,218,158
1698.jpg,61,111
1699.jpg,95,222
1700.jpg,155,123
1701.jpg,52,215
1702.jpg,148,136
1703.jpg,88,90
1704.jpg,155,52
1705.jpg,220,151
1706.jpg,210,92
1707.jpg,150,93
1708.jpg,172,94
1709.jpg,60,242
1710.jpg,236,243
1711.jpg,157,182
1712.jpg,192,218
1713.jpg,127,73
1714.jpg,131,10
1715.jpg,48,79
1716.jpg,96,229
1717.jpg,233,22
1718.jpg,29,93
1719.jpg,159,198
1720.jpg,203,215
1721.jpg,22,123
1722.jpg,101,15
1723.jpg,186,85
1724.jpg,133,134
1725.jpg,42,196
1726.jpg,29,95
1727.jpg,197,11
1728.jpg,233,47
1729.jpg,211,227
1730.jpg,185,227
1731.jpg,108,221
1732.jpg,229,239
1733.jpg,199,102
1734.jpg,234,30
1735.jpg,132,132
1736.jpg,44,74
1737.jpg,84,88
1738.jpg,142,133
1739.jpg,188,158
1740.jpg,220,88
1741.jpg,155,195
1742.jpg,61,70
1743.jpg,35,32
1744.jpg,73,30
1745.jpg,115,162
1746.jpg,182,64
1747.jpg,34,165
1748.jpg,182,135
1749.jpg,202,207
1750.jpg,94,182
1751.jpg,22,98
1752.jpg,89,15
1753.jpg,45,136
1754.jpg,60,32
1755.jpg,143,163
1756.jpg,47,52
1757.jpg,174,158
1758.jpg,106,142
1759.jpg,17,80
1760.jpg,120,148
1761.jpg,41,76
1762.jpg,99,157
1763.jpg,40,17
1764.jpg,88,141
1765.jpg,140,143
1766.jpg,170,55
1767.jpg,142,94
1768.jpg,40,74
1769.jpg,205,125
1770.jpg,147,36
1771.jpg,152,82
1772.jpg,134,123
1773.jpg,179,230
1774.jpg,89,156
1775.jpg,151,25
1776.jpg,27,120
1777.jpg,130,21
1778.jpg,51,148
1779.jpg,215,157
1780.jpg,103,240
1781.jpg,19,52
1782.jpg,148,184
1783.jpg,209,153
1784.jpg,220,184
1785.jpg,149,29
1786.jpg,72,31
1787.jpg,188,153
1788.jpg,10,65
1789.jpg,31,158
1790.jpg,241,94
1791.jpg,139,15
1792.jpg,176,65
1793.jpg,47,65
1794.jpg,165,37
1795.jpg,195,18
1796.jpg,221,137
1797.jpg,20,123
1798.jpg,124,143
1799.jpg,143,234
1800.jpg,65,222
1801.jpg,205,55
1802.jpg,232,160
1803.jpg,47,66
1804.jpg,82,167
1805.jpg,133,205
1806.jpg,160,227
1807.jpg,138,19
1808.jpg,62,198
1809.jpg,235,59
1810.jpg,35,23
1811.jpg,205,150
1812.jpg,238,114
1813.jpg,131,17
1814.jpg,54,179
1815.jpg,150,35
1816.jpg,216,155
1817.jpg,216,171
1818.jpg,52,73
1819.jpg,33,214
1820.jpg,129,43
1821.jpg,89,140
1822.jpg,44,151
1823.jpg,45,66
1824.jpg,220,25
1825.jpg,138,88
1826.jpg,74,170
1827.jpg,27,233
1828.jpg,111,100
1829.jpg,120,172
1830.jpg,22,128
1831.jpg,128,80
1832.jpg,198,16
1833.jpg,171,58
1834.jpg,108,20
1835.jpg,197,70
1836.jpg,230,118
1837.jpg,165,105
1838.jpg,92,172
1839.jpg,91,69
1840.jpg,24,234
1841.jpg,207,107
1842.jpg,32,122
1843.jpg,127,215
1844.jpg,160,24
1845.jpg,211,166
1846.jpg,171,205
1847.jpg,68,128
1848.jpg,38,20
1849.jpg,73,21
1850.jpg,207,216
1851.jpg,210,198
1852.jpg,234,156
1853.jpg,106,175
1854.jpg,80,52
1855.jpg,34,227
1856.jpg,73,90
1857.jpg,119,36
1858.jpg,25,37
1859.jpg,29,83
